Source,Solution Name,Remote Testing,Adaptive / IRT,Test Type,Test Type Clean,Test Type Description
Pre-packaged,Account Manager Solution,Yes,Yes,"C, P, A, B","['C', 'P', 'A', 'B']","['Competencies', ',', ' ', 'Personality & Behavior', ',', ' ', 'Ability & Aptitude', ',', ' ', 'Biodata & SJT']"
Pre-packaged,Administrative Professional - Short Form,Yes,Yes,"A, K, P","['A', 'K', 'P']","['Ability & Aptitude', ',', ' ', 'Knowledge & Skills', ',', ' ', 'Personality & Behavior']"
Pre-packaged,Agency Manager Solution,Yes,Yes,"A, B, P, S","['A', 'B', 'P', 'S']","['Ability & Aptitude', ',', ' ', 'Biodata & SJT', ',', ' ', 'Personality & Behavior', ',', ' ', 'Simulation']"
Pre-packaged,Apprentice + 8.0 Job Focused Assessment,Yes,No,"B, P","['B', 'P']","['Biodata & SJT', ',', ' ', 'Personality & Behavior']"
Pre-packaged,Apprentice 8.0 Job Focused Assessment,Yes,No,"B, P","['B', 'P']","['Biodata & SJT', ',', ' ', 'Personality & Behavior']"
Pre-packaged,Bank Administrative Assistant - Short Form,Yes,No,"A, B, K, P","['A', 'B', 'K', 'P']","['Ability & Aptitude', ',', ' ', 'Biodata & SJT', ',', ' ', 'Knowledge & Skills', ',', ' ', 'Personality & Behavior']"
Pre-packaged,Bank Collections Agent - Short Form,Yes,No,"A, B, P","['A', 'B', 'P']","['Ability & Aptitude', ',', ' ', 'Biodata & SJT', ',', ' ', 'Personality & Behavior']"
Pre-packaged,Bank Operations Supervisor - Short Form,Yes,Yes,"A, B, P, S","['A', 'B', 'P', 'S']","['Ability & Aptitude', ',', ' ', 'Biodata & SJT', ',', ' ', 'Personality & Behavior', ',', ' ', 'Simulation']"
Pre-packaged,Bilingual Spanish Reservation Agent Solution,Yes,Yes,"B, P, S, A","['B', 'P', 'S', 'A']","['Biodata & SJT', ',', ' ', 'Personality & Behavior', ',', ' ', 'Simulation', ',', ' ', 'Ability & Aptitude']"
Pre-packaged,"Bookkeeping, Accounting, Auditing Clerk Short Form",Yes,Yes,"P, S, K, B, A","['P', 'S', 'K', 'B', 'A']","['Personality & Behavior', ',', ' ', 'Simulation', ',', ' ', 'Knowledge & Skills', ',', ' ', 'Biodata & SJT', ',', ' ', 'Ability & Aptitude']"
Pre-packaged,Branch Manager - Short Form,Yes,No,"A, B, P","['A', 'B', 'P']","['Ability & Aptitude', ',', ' ', 'Biodata & SJT', ',', ' ', 'Personality & Behavior']"
Pre-packaged,Cashier Solution,Yes,Yes,"B, A, P","['B', 'A', 'P']","['Biodata & SJT', ',', ' ', 'Ability & Aptitude', ',', ' ', 'Personality & Behavior']"
Pre-packaged,Claims/Operations Supervisor Solution                                                   ,Yes,Yes,"P, S, A, B","['P', 'S', 'A', 'B']","['Personality & Behavior', ',', ' ', 'Simulation', ',', ' ', 'Ability & Aptitude', ',', ' ', 'Biodata & SJT']"
Pre-packaged,Contact Center Customer Service + 8.0,Yes,No,"A, B, C, P, S","['A', 'B', 'C', 'P', 'S']","['Ability & Aptitude', ',', ' ', 'Biodata & SJT', ',', ' ', 'Competencies', ',', ' ', 'Personality & Behavior', ',', ' ', 'Simulation']"
Pre-packaged,Contact Center Customer Service 8.0,Yes,No,"S, B, C, P","['S', 'B', 'C', 'P']","['Simulation', ',', ' ', 'Biodata & SJT', ',', ' ', 'Competencies', ',', ' ', 'Personality & Behavior']"
Pre-packaged,Contact Center Manager - Short Form,Yes,Yes,"A, B,P, S","['A', 'B', 'P', 'S']","['Ability & Aptitude', ',', ' ', 'Biodata & SJT', ',', 'Personality & Behavior', ',', ' ', 'Simulation']"
Pre-packaged,Contact Center Sales & Service + 8.0,Yes,No,"P,B, C, A, S","['P', 'B', 'C', 'A', 'S']","['Personality & Behavior', ',', 'Biodata & SJT', ',', ' ', 'Competencies', ',', ' ', 'Ability & Aptitude', ',', ' ', 'Simulation']"
Pre-packaged,Contact Center Sales & Service 8.0,Yes,No,"S, B, C, P","['S', 'B', 'C', 'P']","['Simulation', ',', ' ', 'Biodata & SJT', ',', ' ', 'Competencies', ',', ' ', 'Personality & Behavior']"
Pre-packaged,Contact Center Team Lead/Coach - Short Form,Yes,Yes,"A, B, P, S","['A', 'B', 'P', 'S']","['Ability & Aptitude', ',', ' ', 'Biodata & SJT', ',', ' ', 'Personality & Behavior', ',', ' ', 'Simulation']"
Pre-packaged,Contact Centre Agent Solution - UK,Yes,No,"A, B, P, S","['A', 'B', 'P', 'S']","['Ability & Aptitude', ',', ' ', 'Biodata & SJT', ',', ' ', 'Personality & Behavior', ',', ' ', 'Simulation']"
Pre-packaged,Customer Service - Short Form,Yes,Yes,"A, B, P","['A', 'B', 'P']","['Ability & Aptitude', ',', ' ', 'Biodata & SJT', ',', ' ', 'Personality & Behavior']"
Pre-packaged,Customer Service - Short Form - UK,Yes,Yes,"A, B, P","['A', 'B', 'P']","['Ability & Aptitude', ',', ' ', 'Biodata & SJT', ',', ' ', 'Personality & Behavior']"
Pre-packaged,Customer Service with Sales - Short Form,Yes,Yes,"A, B, P","['A', 'B', 'P']","['Ability & Aptitude', ',', ' ', 'Biodata & SJT', ',', ' ', 'Personality & Behavior']"
Pre-packaged,Director - Short Form,Yes,Yes,"A, B, P","['A', 'B', 'P']","['Ability & Aptitude', ',', ' ', 'Biodata & SJT', ',', ' ', 'Personality & Behavior']"
Pre-packaged,District/Regional Manager Solution,Yes,Yes,"A, B, P","['A', 'B', 'P']","['Ability & Aptitude', ',', ' ', 'Biodata & SJT', ',', ' ', 'Personality & Behavior']"
Pre-packaged,Entry Level Cashier 7.1 (Americas),Yes,No,"B, P, A","['B', 'P', 'A']","['Biodata & SJT', ',', ' ', 'Personality & Behavior', ',', ' ', 'Ability & Aptitude']"
Pre-packaged,Entry Level Cashier 7.1 (International),Yes,No,"A, B, P","['A', 'B', 'P']","['Ability & Aptitude', ',', ' ', 'Biodata & SJT', ',', ' ', 'Personality & Behavior']"
Pre-packaged,Entry Level Customer Service 7.1 (Americas),Yes,No,"C, P","['C', 'P']","['Competencies', ',', ' ', 'Personality & Behavior']"
Pre-packaged,Entry Level Customer Service 7.1 (International),Yes,No,"C, P","['C', 'P']","['Competencies', ',', ' ', 'Personality & Behavior']"
Pre-packaged,Entry Level Customer Service 7.1 (South Africa),Yes,No,"C, P","['C', 'P']","['Competencies', ',', ' ', 'Personality & Behavior']"
Pre-packaged,Entry level Sales 7.1 (Americas),Yes,No,"B, C, P","['B', 'C', 'P']","['Biodata & SJT', ',', ' ', 'Competencies', ',', ' ', 'Personality & Behavior']"
Pre-packaged,Entry level Sales 7.1 (International),Yes,No,"P, B, C","['P', 'B', 'C']","['Personality & Behavior', ',', ' ', 'Biodata & SJT', ',', ' ', 'Competencies']"
Pre-packaged,Entry Level Sales Sift Out 7.1,Yes,No,"C, P, B","['C', 'P', 'B']","['Competencies', ',', ' ', 'Personality & Behavior', ',', ' ', 'Biodata & SJT']"
Pre-packaged,Event Sales Manager Solution,Yes,Yes,"S, A, B, P","['S', 'A', 'B', 'P']","['Simulation', ',', ' ', 'Ability & Aptitude', ',', ' ', 'Biodata & SJT', ',', ' ', 'Personality & Behavior']"
Pre-packaged,Executive - Short Form,Yes,Yes,"A, B, P","['A', 'B', 'P']","['Ability & Aptitude', ',', ' ', 'Biodata & SJT', ',', ' ', 'Personality & Behavior']"
Pre-packaged,Financial Professional - Short Form,Yes,No,"A, B, P","['A', 'B', 'P']","['Ability & Aptitude', ',', ' ', 'Biodata & SJT', ',', ' ', 'Personality & Behavior']"
Pre-packaged,Financial Services Representative Solution,Yes,No,"A, B, P","['A', 'B', 'P']","['Ability & Aptitude', ',', ' ', 'Biodata & SJT', ',', ' ', 'Personality & Behavior']"
Pre-packaged,Front Desk Associate Solution,Yes,Yes,"A, B, P","['A', 'B', 'P']","['Ability & Aptitude', ',', ' ', 'Biodata & SJT', ',', ' ', 'Personality & Behavior']"
Pre-packaged,Gaming Associate Solution,Yes,Yes,"A, B, P, S","['A', 'B', 'P', 'S']","['Ability & Aptitude', ',', ' ', 'Biodata & SJT', ',', ' ', 'Personality & Behavior', ',', ' ', 'Simulation']"
Pre-packaged,Gaming Manager Solution,Yes,Yes,"S, A, B, K, P","['S', 'A', 'B', 'K', 'P']","['Simulation', ',', ' ', 'Ability & Aptitude', ',', ' ', 'Biodata & SJT', ',', ' ', 'Knowledge & Skills', ',', ' ', 'Personality & Behavior']"
Pre-packaged,General Entry Level - All Industries 7.0 Solution,Yes,No,B,['B'],['Biodata & SJT']
Pre-packaged,General Entry Level - All Industries 7.1 Solution,Yes,No,B,['B'],['Biodata & SJT']
Pre-packaged,General Entry Level - All Industries 7.1(Americas),Yes,No,B,['B'],['Biodata & SJT']
Pre-packaged,General Entry Level ? Data Entry 7.0 Solution,Yes,No,"B, K","['B', 'K']","['Biodata & SJT', ',', ' ', 'Knowledge & Skills']"
Pre-packaged,Graduate + 8.0 Job Focused Assessment,Yes,No,"A, B, P","['A', 'B', 'P']","['Ability & Aptitude', ',', ' ', 'Biodata & SJT', ',', ' ', 'Personality & Behavior']"
Pre-packaged,Graduate 7.1 Job Focused Assessment,Yes,No,"B, C","['B', 'C']","['Biodata & SJT', ',', ' ', 'Competencies']"
Pre-packaged,Graduate 8.0 Job Focused Assessment,Yes,No,"P, B","['P', 'B']","['Personality & Behavior', ',', ' ', 'Biodata & SJT']"
Pre-packaged,Guest Service Team 7.0 Solution,Yes,No,B,['B'],['Biodata & SJT']
Pre-packaged,Guest Services Associate Solution,Yes,Yes,"A, B, P, S","['A', 'B', 'P', 'S']","['Ability & Aptitude', ',', ' ', 'Biodata & SJT', ',', ' ', 'Personality & Behavior', ',', ' ', 'Simulation']"
Pre-packaged,Healthcare Aide 7.0 Solution,Yes,No,B,['B'],['Biodata & SJT']
Pre-packaged,Healthcare Call Center Agent Solution,Yes,Yes,"A, B, P, S","['A', 'B', 'P', 'S']","['Ability & Aptitude', ',', ' ', 'Biodata & SJT', ',', ' ', 'Personality & Behavior', ',', ' ', 'Simulation']"
Pre-packaged,Healthcare Service Associate Solution,Yes,Yes,"A, B, P","['A', 'B', 'P']","['Ability & Aptitude', ',', ' ', 'Biodata & SJT', ',', ' ', 'Personality & Behavior']"
Pre-packaged,Healthcare Support Specialist Solution,Yes,Yes,"A, B, P","['A', 'B', 'P']","['Ability & Aptitude', ',', ' ', 'Biodata & SJT', ',', ' ', 'Personality & Behavior']"
Pre-packaged,Home Health Aide Solution,Yes,Yes,"A, B, P","['A', 'B', 'P']","['Ability & Aptitude', ',', ' ', 'Biodata & SJT', ',', ' ', 'Personality & Behavior']"
Pre-packaged,Hospitality Manager Solution,Yes,Yes,"A, B, K, P","['A', 'B', 'K', 'P']","['Ability & Aptitude', ',', ' ', 'Biodata & SJT', ',', ' ', 'Knowledge & Skills', ',', ' ', 'Personality & Behavior']"
Pre-packaged,Host Solution,Yes,Yes,"B, P","['B', 'P']","['Biodata & SJT', ',', ' ', 'Personality & Behavior']"
Pre-packaged,Industrial - Entry Level 7.0 Solution,Yes,No,B,['B'],['Biodata & SJT']
Pre-packaged,Industrial - Entry Level 7.1 (Americas),Yes,No,B,['B'],['Biodata & SJT']
Pre-packaged,Industrial - Entry Level 7.1 (International),Yes,No,B,['B'],['Biodata & SJT']
Pre-packaged,Industrial - Professional and Skilled 7.0 Solution,Yes,Yes,"A, B","['A', 'B']","['Ability & Aptitude', ',', ' ', 'Biodata & SJT']"
Pre-packaged,Industrial - Semi-skilled 7.1 (Americas),Yes,No,B,['B'],['Biodata & SJT']
Pre-packaged,Industrial - Semi-skilled 7.1 (International),Yes,No,B,['B'],['Biodata & SJT']
Pre-packaged,Industrial Professional and Skilled 7.1 (Americas),Yes,No,"A, B","['A', 'B']","['Ability & Aptitude', ',', ' ', 'Biodata & SJT']"
Pre-packaged,Industrial Professional and Skilled 7.1 Solution,Yes,No,"A, B","['A', 'B']","['Ability & Aptitude', ',', ' ', 'Biodata & SJT']"
Pre-packaged,Installation and Repair Technician Solution,Yes,Yes,"A, B, P, S","['A', 'B', 'P', 'S']","['Ability & Aptitude', ',', ' ', 'Biodata & SJT', ',', ' ', 'Personality & Behavior', ',', ' ', 'Simulation']"
Pre-packaged,Insurance Account Manager Solution,Yes,Yes,"A, B, P, S","['A', 'B', 'P', 'S']","['Ability & Aptitude', ',', ' ', 'Biodata & SJT', ',', ' ', 'Personality & Behavior', ',', ' ', 'Simulation']"
Pre-packaged,Insurance Administrative Assistant Solution,Yes,Yes,"A, B, P, S","['A', 'B', 'P', 'S']","['Ability & Aptitude', ',', ' ', 'Biodata & SJT', ',', ' ', 'Personality & Behavior', ',', ' ', 'Simulation']"
Pre-packaged,Insurance Agent Solution,Yes,Yes,"A, B, P","['A', 'B', 'P']","['Ability & Aptitude', ',', ' ', 'Biodata & SJT', ',', ' ', 'Personality & Behavior']"
Pre-packaged,Insurance Director Solution,Yes,Yes,"A, B, P","['A', 'B', 'P']","['Ability & Aptitude', ',', ' ', 'Biodata & SJT', ',', ' ', 'Personality & Behavior']"
Pre-packaged,Insurance Sales Manager Solution,Yes,Yes,"A, B, P, S","['A', 'B', 'P', 'S']","['Ability & Aptitude', ',', ' ', 'Biodata & SJT', ',', ' ', 'Personality & Behavior', ',', ' ', 'Simulation']"
Pre-packaged,Manager - Short Form,Yes,Yes,"A, B, K, P, S","['A', 'B', 'K', 'P', 'S']","['Ability & Aptitude', ',', ' ', 'Biodata & SJT', ',', ' ', 'Knowledge & Skills', ',', ' ', 'Personality & Behavior', ',', ' ', 'Simulation']"
Pre-packaged,Manager + 7.0 Solution,Yes,Yes,"A, B, C","['A', 'B', 'C']","['Ability & Aptitude', ',', ' ', 'Biodata & SJT', ',', ' ', 'Competencies']"
Pre-packaged,Manager + 7.1 (Americas),Yes,Yes,"B, C, P","['B', 'C', 'P']","['Biodata & SJT', ',', ' ', 'Competencies', ',', ' ', 'Personality & Behavior']"
Pre-packaged,Manager + 7.1 (International),Yes,Yes,"B, C, P","['B', 'C', 'P']","['Biodata & SJT', ',', ' ', 'Competencies', ',', ' ', 'Personality & Behavior']"
Pre-packaged,Manager 7.0 Solution,Yes,No,"B, C","['B', 'C']","['Biodata & SJT', ',', ' ', 'Competencies']"
Pre-packaged,Manager 7.1 (Americas),Yes,No,"B, C, P","['B', 'C', 'P']","['Biodata & SJT', ',', ' ', 'Competencies', ',', ' ', 'Personality & Behavior']"
Pre-packaged,Manager 7.1 (International),Yes,No,"B, C, P","['B', 'C', 'P']","['Biodata & SJT', ',', ' ', 'Competencies', ',', ' ', 'Personality & Behavior']"
Pre-packaged,Manager 8.0 JFA,Yes,No,"B, K, P","['B', 'K', 'P']","['Biodata & SJT', ',', ' ', 'Knowledge & Skills', ',', ' ', 'Personality & Behavior']"
Pre-packaged,Manager 8.0+ JFA,Yes,No,"B, K, P","['B', 'K', 'P']","['Biodata & SJT', ',', ' ', 'Knowledge & Skills', ',', ' ', 'Personality & Behavior']"
Pre-packaged,Manufacturing Production Team Member,Yes,No,"A, B","['A', 'B']","['Ability & Aptitude', ',', ' ', 'Biodata & SJT']"
Pre-packaged,Manufacturing Skilled Maintenance Worker,Yes,No,"A, B","['A', 'B']","['Ability & Aptitude', ',', ' ', 'Biodata & SJT']"
Pre-packaged,Network Engineer/Analyst Solution,Yes,Yes,"P, S, K, B, A","['P', 'S', 'K', 'B', 'A']","['Personality & Behavior', ',', ' ', 'Simulation', ',', ' ', 'Knowledge & Skills', ',', ' ', 'Biodata & SJT', ',', ' ', 'Ability & Aptitude']"
Pre-packaged,Nurse Leader Solution,Yes,Yes,"S, A, B, P","['S', 'A', 'B', 'P']","['Simulation', ',', ' ', 'Ability & Aptitude', ',', ' ', 'Biodata & SJT', ',', ' ', 'Personality & Behavior']"
Pre-packaged,Nurse Solution,Yes,Yes,"P, A, B","['P', 'A', 'B']","['Personality & Behavior', ',', ' ', 'Ability & Aptitude', ',', ' ', 'Biodata & SJT']"
Pre-packaged,Nursing Assistant Solution,Yes,No,"A, B, P","['A', 'B', 'P']","['Ability & Aptitude', ',', ' ', 'Biodata & SJT', ',', ' ', 'Personality & Behavior']"
Pre-packaged,Personal Banker - Short Form,Yes,No,"A, B, K , P, S","['A', 'B', 'K', 'P', 'S']","['Ability & Aptitude', ',', ' ', 'Biodata & SJT', ',', ' ', 'Knowledge & Skills', ' ', ',', ' ', 'Personality & Behavior', ',', ' ', 'Simulation']"
Pre-packaged,Phone Banker - Short Form,Yes,No,"A, B, P","['A', 'B', 'P']","['Ability & Aptitude', ',', ' ', 'Biodata & SJT', ',', ' ', 'Personality & Behavior']"
Pre-packaged,Prep/Line Cook Solution,Yes,Yes,"A, B, P","['A', 'B', 'P']","['Ability & Aptitude', ',', ' ', 'Biodata & SJT', ',', ' ', 'Personality & Behavior']"
Pre-packaged,Professional + 7.0 Solution,Yes,Yes,"A, B, C","['A', 'B', 'C']","['Ability & Aptitude', ',', ' ', 'Biodata & SJT', ',', ' ', 'Competencies']"
Pre-packaged,Professional + 7.1 (Americas),Yes,Yes,"B, C, P","['B', 'C', 'P']","['Biodata & SJT', ',', ' ', 'Competencies', ',', ' ', 'Personality & Behavior']"
Pre-packaged,Professional + 7.1 (International),Yes,Yes,"B, C, P","['B', 'C', 'P']","['Biodata & SJT', ',', ' ', 'Competencies', ',', ' ', 'Personality & Behavior']"
Pre-packaged,Professional 7.0 Solution,Yes,No,"B, C","['B', 'C']","['Biodata & SJT', ',', ' ', 'Competencies']"
Pre-packaged,Professional 7.1 (International),Yes,No,"C, B","['C', 'B']","['Competencies', ',', ' ', 'Biodata & SJT']"
Pre-packaged,Professional 8.0 JFA,Yes,No,"B, K, P","['B', 'K', 'P']","['Biodata & SJT', ',', ' ', 'Knowledge & Skills', ',', ' ', 'Personality & Behavior']"
Pre-packaged,Professional/Individual Contributor - Short Form,Yes,Yes,"A, B, P, S","['A', 'B', 'P', 'S']","['Ability & Aptitude', ',', ' ', 'Biodata & SJT', ',', ' ', 'Personality & Behavior', ',', ' ', 'Simulation']"
Pre-packaged,Project Manager - Short Form,Yes,Yes,"A, B, P, S","['A', 'B', 'P', 'S']","['Ability & Aptitude', ',', ' ', 'Biodata & SJT', ',', ' ', 'Personality & Behavior', ',', ' ', 'Simulation']"
Pre-packaged,Proof Operator - Processing Specialist -Short Form,Yes,No,S,['S'],['Simulation']
Pre-packaged,Reservation Agent Solution,Yes,Yes,"A, P, S, B","['A', 'P', 'S', 'B']","['Ability & Aptitude', ',', ' ', 'Personality & Behavior', ',', ' ', 'Simulation', ',', ' ', 'Biodata & SJT']"
Pre-packaged,Restaurant Manager Solution,Yes,Yes,"A, B, P, S","['A', 'B', 'P', 'S']","['Ability & Aptitude', ',', ' ', 'Biodata & SJT', ',', ' ', 'Personality & Behavior', ',', ' ', 'Simulation']"
Pre-packaged,Restaurant Supervisor Solution,Yes,Yes,"A, B, P","['A', 'B', 'P']","['Ability & Aptitude', ',', ' ', 'Biodata & SJT', ',', ' ', 'Personality & Behavior']"
Pre-packaged,Retail Consultant Solution,Yes,Yes,"A, B, P","['A', 'B', 'P']","['Ability & Aptitude', ',', ' ', 'Biodata & SJT', ',', ' ', 'Personality & Behavior']"
Pre-packaged,Retail Manager w/ Sales Solution,Yes,Yes,"A, B, P","['A', 'B', 'P']","['Ability & Aptitude', ',', ' ', 'Biodata & SJT', ',', ' ', 'Personality & Behavior']"
Pre-packaged,Retail Sales Associate Solution,Yes,Yes,"A, B, P","['A', 'B', 'P']","['Ability & Aptitude', ',', ' ', 'Biodata & SJT', ',', ' ', 'Personality & Behavior']"
Pre-packaged,Sales Director Solution,Yes,Yes,"A, B, P","['A', 'B', 'P']","['Ability & Aptitude', ',', ' ', 'Biodata & SJT', ',', ' ', 'Personality & Behavior']"
Pre-packaged,Sales Engineer Solution,Yes,Yes,"A, B, K, P, S","['A', 'B', 'K', 'P', 'S']","['Ability & Aptitude', ',', ' ', 'Biodata & SJT', ',', ' ', 'Knowledge & Skills', ',', ' ', 'Personality & Behavior', ',', ' ', 'Simulation']"
Pre-packaged,Sales Manager Solution,Yes,Yes,"A, B, P","['A', 'B', 'P']","['Ability & Aptitude', ',', ' ', 'Biodata & SJT', ',', ' ', 'Personality & Behavior']"
Pre-packaged,Sales Professional 7.0 Solution,Yes,No,"C, B","['C', 'B']","['Competencies', ',', ' ', 'Biodata & SJT']"
Pre-packaged,Sales Professional 7.1 (Americas),Yes,No,"B, C","['B', 'C']","['Biodata & SJT', ',', ' ', 'Competencies']"
Pre-packaged,Sales Professional Solution,Yes,Yes,"A, B, P","['A', 'B', 'P']","['Ability & Aptitude', ',', ' ', 'Biodata & SJT', ',', ' ', 'Personality & Behavior']"
Pre-packaged,Sales Representative Solution,Yes,Yes,"A, B, P","['A', 'B', 'P']","['Ability & Aptitude', ',', ' ', 'Biodata & SJT', ',', ' ', 'Personality & Behavior']"
Pre-packaged,Sales Supervisor Solution,Yes,Yes,"A, B, P","['A', 'B', 'P']","['Ability & Aptitude', ',', ' ', 'Biodata & SJT', ',', ' ', 'Personality & Behavior']"
Pre-packaged,Sales Support Specialist Solution,Yes,Yes,"A, B, P","['A', 'B', 'P']","['Ability & Aptitude', ',', ' ', 'Biodata & SJT', ',', ' ', 'Personality & Behavior']"
Pre-packaged,Senior Insurance Agent Solution,Yes,No,"A, B, P","['A', 'B', 'P']","['Ability & Aptitude', ',', ' ', 'Biodata & SJT', ',', ' ', 'Personality & Behavior']"
Pre-packaged,Senior Sales Professional Solution,Yes,Yes,"A, B, P","['A', 'B', 'P']","['Ability & Aptitude', ',', ' ', 'Biodata & SJT', ',', ' ', 'Personality & Behavior']"
Pre-packaged,Server Solution,Yes,Yes,"B, A, P","['B', 'A', 'P']","['Biodata & SJT', ',', ' ', 'Ability & Aptitude', ',', ' ', 'Personality & Behavior']"
Pre-packaged,Service Associate Solution,Yes,Yes,"A, B, P","['A', 'B', 'P']","['Ability & Aptitude', ',', ' ', 'Biodata & SJT', ',', ' ', 'Personality & Behavior']"
Pre-packaged,Service Supervisor Solution,Yes,Yes,"A, B, P","['A', 'B', 'P']","['Ability & Aptitude', ',', ' ', 'Biodata & SJT', ',', ' ', 'Personality & Behavior']"
Pre-packaged,Stock Clerk Solution,Yes,No,"A, B, P","['A', 'B', 'P']","['Ability & Aptitude', ',', ' ', 'Biodata & SJT', ',', ' ', 'Personality & Behavior']"
Pre-packaged,Store Manager 7.0 Solution,Yes,No,"B, C","['B', 'C']","['Biodata & SJT', ',', ' ', 'Competencies']"
Pre-packaged,Store Manager 7.1 (Americas),Yes,No,"B, C","['B', 'C']","['Biodata & SJT', ',', ' ', 'Competencies']"
Pre-packaged,Store Manager 7.1 (International),Yes,No,"C, B","['C', 'B']","['Competencies', ',', ' ', 'Biodata & SJT']"
Pre-packaged,Store Manager Solution,Yes,Yes,"A, B, P","['A', 'B', 'P']","['Ability & Aptitude', ',', ' ', 'Biodata & SJT', ',', ' ', 'Personality & Behavior']"
Pre-packaged,Supervisor - Short Form,Yes,Yes,S,['S'],['Simulation']
Pre-packaged,Supervisor 7.0 Solution,Yes,No,"B, C","['B', 'C']","['Biodata & SJT', ',', ' ', 'Competencies']"
Pre-packaged,Supervisor 7.1 (Americas),Yes,No,"B, C, P","['B', 'C', 'P']","['Biodata & SJT', ',', ' ', 'Competencies', ',', ' ', 'Personality & Behavior']"
Pre-packaged,Supervisor 7.1 (International),Yes,No,"P, C, B","['P', 'C', 'B']","['Personality & Behavior', ',', ' ', 'Competencies', ',', ' ', 'Biodata & SJT']"
Pre-packaged,Support Associate Solution,Yes,Yes,"A, B, P","['A', 'B', 'P']","['Ability & Aptitude', ',', ' ', 'Biodata & SJT', ',', ' ', 'Personality & Behavior']"
Pre-packaged,Support Supervisor Solution,Yes,Yes,"A, P, S, B","['A', 'P', 'S', 'B']","['Ability & Aptitude', ',', ' ', 'Personality & Behavior', ',', ' ', 'Simulation', ',', ' ', 'Biodata & SJT']"
Pre-packaged,Technical Sales Associate Solution,Yes,No,"A, B, P","['A', 'B', 'P']","['Ability & Aptitude', ',', ' ', 'Biodata & SJT', ',', ' ', 'Personality & Behavior']"
Pre-packaged,Technician/Technologist Solution,Yes,Yes,"A, B, P","['A', 'B', 'P']","['Ability & Aptitude', ',', ' ', 'Biodata & SJT', ',', ' ', 'Personality & Behavior']"
Pre-packaged,Technology Professional 8.0 Job Focused Assessment,Yes,No,"C, P","['C', 'P']","['Competencies', ',', ' ', 'Personality & Behavior']"
Pre-packaged,Telenurse Solution,Yes,Yes,"A, B, P","['A', 'B', 'P']","['Ability & Aptitude', ',', ' ', 'Biodata & SJT', ',', ' ', 'Personality & Behavior']"
Pre-packaged,Teller 7.0,Yes,Yes,"B, K, P, S","['B', 'K', 'P', 'S']","['Biodata & SJT', ',', ' ', 'Knowledge & Skills', ',', ' ', 'Personality & Behavior', ',', ' ', 'Simulation']"
Pre-packaged,Teller with Sales - Short Form,Yes,No,"A, B, K, P, S","['A', 'B', 'K', 'P', 'S']","['Ability & Aptitude', ',', ' ', 'Biodata & SJT', ',', ' ', 'Knowledge & Skills', ',', ' ', 'Personality & Behavior', ',', ' ', 'Simulation']"
Pre-packaged,Transcriptionist Solution,Yes,Yes,"A, B, K, P","['A', 'B', 'K', 'P']","['Ability & Aptitude', ',', ' ', 'Biodata & SJT', ',', ' ', 'Knowledge & Skills', ',', ' ', 'Personality & Behavior']"
Pre-packaged,Workplace Safety - Individual 7.0 Solution,Yes,No,B,['B'],['Biodata & SJT']
Pre-packaged,Workplace Safety - Individual 7.1 (Americas),Yes,No,B,['B'],['Biodata & SJT']
Pre-packaged,Workplace Safety - Team 7.0 Solution,Yes,No,B,['B'],['Biodata & SJT']
Pre-packaged,Workplace Safety - Team 7.1 (Americas),Yes,No,"B, C, P","['B', 'C', 'P']","['Biodata & SJT', ',', ' ', 'Competencies', ',', ' ', 'Personality & Behavior']"
Pre-packaged,Workplace Safety - Team 7.1 (International),Yes,No,"B, C, P","['B', 'C', 'P']","['Biodata & SJT', ',', ' ', 'Competencies', ',', ' ', 'Personality & Behavior']"
Pre-packaged,Workplace Safety Solution,Yes,Yes,"B, P","['B', 'P']","['Biodata & SJT', ',', ' ', 'Personality & Behavior']"
Individual,Global Skills Development Report,Yes,No,"A, E, B, C, D, P","['A', 'E', 'B', 'C', 'D', 'P']","['Ability & Aptitude', ',', ' ', 'Assessment Exercises', ',', ' ', 'Biodata & SJT', ',', ' ', 'Competencies', ',', ' ', 'Development & 360', ',', ' ', 'Personality & Behavior']"
Individual,.NET Framework 4.5,Yes,Yes,K,['K'],['Knowledge & Skills']
Individual,.NET MVC (New),Yes,No,K,['K'],['Knowledge & Skills']
Individual,.NET MVVM (New),Yes,No,K,['K'],['Knowledge & Skills']
Individual,.NET WCF (New),Yes,No,K,['K'],['Knowledge & Skills']
Individual,.NET WPF (New),Yes,No,K,['K'],['Knowledge & Skills']
Individual,.NET XAML (New),Yes,No,K,['K'],['Knowledge & Skills']
Individual,Accounts Payable (New),Yes,No,K,['K'],['Knowledge & Skills']
Individual,Accounts Payable Simulation (New),Yes,No,S,['S'],['Simulation']
Individual,Accounts Receivable (New),Yes,No,K,['K'],['Knowledge & Skills']
Individual,Accounts Receivable Simulation (New),Yes,No,S,['S'],['Simulation']
Individual,ADO.NET (New),Yes,No,K,['K'],['Knowledge & Skills']
Individual,Adobe Experience Manager (New),Yes,No,K,['K'],['Knowledge & Skills']
Individual,Adobe Photoshop CC,Yes,Yes,K,['K'],['Knowledge & Skills']
Individual,Aeronautical Engineering (New),Yes,No,K,['K'],['Knowledge & Skills']
Individual,Aerospace Engineering (New),Yes,No,K,['K'],['Knowledge & Skills']
Individual,Agile Software Development,Yes,No,K,['K'],['Knowledge & Skills']
Individual,Agile Testing (New),Yes,No,K,['K'],['Knowledge & Skills']
Individual,AI Skills,Yes,No,P,['P'],['Personality & Behavior']
Individual,Amazon Web Services (AWS) Development (New),Yes,No,K,['K'],['Knowledge & Skills']
Individual,Android Development (New),Yes,No,K,['K'],['Knowledge & Skills']
Individual,Angular 6 (New),Yes,No,K,['K'],['Knowledge & Skills']
Individual,AngularJS (New),Yes,No,K,['K'],['Knowledge & Skills']
Individual,Apache Hadoop (New),Yes,No,K,['K'],['Knowledge & Skills']
Individual,Apache Hadoop Extensions (New),Yes,No,K,['K'],['Knowledge & Skills']
Individual,Apache HBase (New),Yes,No,K,['K'],['Knowledge & Skills']
Individual,Apache Hive (New),Yes,No,K,['K'],['Knowledge & Skills']
Individual,Apache Kafka (New),Yes,No,K,['K'],['Knowledge & Skills']
Individual,Apache Pig (New),Yes,No,K,['K'],['Knowledge & Skills']
Individual,Apache Spark (New),Yes,No,K,['K'],['Knowledge & Skills']
Individual,ASP .NET with C# (New),Yes,No,K,['K'],['Knowledge & Skills']
Individual,ASP.NET 4.5,Yes,Yes,K,['K'],['Knowledge & Skills']
Individual,Assessment and Development Center Exercises,Yes,No,E,['E'],['Assessment Exercises']
Individual,Automata - Fix (New),Yes,No,S,['S'],['Simulation']
Individual,Automata - SQL (New),Yes,No,S,['S'],['Simulation']
Individual,Automata (New),Yes,No,S,['S'],['Simulation']
Individual,Automata Data Science (New),Yes,No,S,['S'],['Simulation']
Individual,Automata Data Science Pro (New),Yes,No,S,['S'],['Simulation']
Individual,Automata Front End,Yes,No,S,['S'],['Simulation']
Individual,Automata Pro (New),Yes,No,S,['S'],['Simulation']
Individual,Automata Selenium,Yes,No,S,['S'],['Simulation']
Individual,Automation Anywhere RPA Development (New),Yes,No,K,['K'],['Knowledge & Skills']
Individual,Automotive Engineering (New),Yes,No,K,['K'],['Knowledge & Skills']
Individual,Basic Biology (New),Yes,No,K,['K'],['Knowledge & Skills']
Individual,Basic Computer Literacy (Windows 10) (New),Yes,No,"S, K","['S', 'K']","['Simulation', ',', ' ', 'Knowledge & Skills']"
Individual,Basic Statistics (New),Yes,No,K,['K'],['Knowledge & Skills']
Individual,Biochemistry (New),Yes,No,K,['K'],['Knowledge & Skills']
Individual,Biotech Lab Techniques (New),Yes,No,K,['K'],['Knowledge & Skills']
Individual,BizTalk (New),Yes,No,K,['K'],['Knowledge & Skills']
Individual,Business Communication (adaptive),Yes,Yes,K,['K'],['Knowledge & Skills']
Individual,Business Communications,Yes,No,K,['K'],['Knowledge & Skills']
Individual,C Programming (New),Yes,No,K,['K'],['Knowledge & Skills']
Individual,C# Programming (New),Yes,No,K,['K'],['Knowledge & Skills']
Individual,C++ Programming (New),Yes,No,K,['K'],['Knowledge & Skills']
Individual,Cardiology and Diabetes Management (New),Yes,No,K,['K'],['Knowledge & Skills']
Individual,Ceramic Engineering (New),Yes,No,K,['K'],['Knowledge & Skills']
Individual,Chemical Engineering (New),Yes,No,K,['K'],['Knowledge & Skills']
Individual,Cisco AppDynamics (New),Yes,No,K,['K'],['Knowledge & Skills']
Individual,Civil Engineering (New),Yes,No,K,['K'],['Knowledge & Skills']
Individual,Cloud Computing (New),Yes,No,K,['K'],['Knowledge & Skills']
Individual,COBOL Programming (New),Yes,No,K,['K'],['Knowledge & Skills']
Individual,Computer Science (New),Yes,No,K,['K'],['Knowledge & Skills']
Individual,Contact Center Call Simulation (New),Yes,No,S,['S'],['Simulation']
Individual,Conversational Multichat Simulation,Yes,No,S,['S'],['Simulation']
Individual,Core Java (Advanced Level) (New),Yes,No,K,['K'],['Knowledge & Skills']
Individual,Core Java (Entry Level) (New),Yes,No,K,['K'],['Knowledge & Skills']
Individual,Count Out The Money,Yes,Yes,"K, S","['K', 'S']","['Knowledge & Skills', ',', ' ', 'Simulation']"
Individual,CSS3 (New),Yes,No,K,['K'],['Knowledge & Skills']
Individual,Culinary Skills (New),Yes,No,K,['K'],['Knowledge & Skills']
Individual,Customer Service Phone Simulation,Yes,No,"B, S","['B', 'S']","['Biodata & SJT', ',', ' ', 'Simulation']"
Individual,Customer Service Phone Solution,Yes,No,"B, P, S","['B', 'P', 'S']","['Biodata & SJT', ',', ' ', 'Personality & Behavior', ',', ' ', 'Simulation']"
Individual,Cyber Risk (New),Yes,No,K,['K'],['Knowledge & Skills']
Individual,Data Entry (New),Yes,No,S,['S'],['Simulation']
Individual,Data Entry Alphanumeric Split Screen - US,Yes,No,K,['K'],['Knowledge & Skills']
Individual,Data Entry Numeric Split Screen - US,Yes,No,K,['K'],['Knowledge & Skills']
Individual,Data Entry Ten Key Split Screen,Yes,No,K,['K'],['Knowledge & Skills']
Individual,Data Science (New),Yes,No,K,['K'],['Knowledge & Skills']
Individual,Data Warehousing Concepts,Yes,Yes,K,['K'],['Knowledge & Skills']
Individual,Dependability and Safety Instrument (DSI),Yes,No,P,['P'],['Personality & Behavior']
Individual,Dermatology (New),Yes,No,K,['K'],['Knowledge & Skills']
Individual,Desktop Support (New),Yes,No,K,['K'],['Knowledge & Skills']
Individual,Digital Advertising (New),Yes,No,K,['K'],['Knowledge & Skills']
Individual,Digital Readiness Development Report - IC,Yes,No,P,['P'],['Personality & Behavior']
Individual,Digital Readiness Development Report - Manager,Yes,No,P,['P'],['Personality & Behavior']
Individual,Docker (New),Yes,No,K,['K'],['Knowledge & Skills']
Individual,Dojo (New),Yes,No,K,['K'],['Knowledge & Skills']
Individual,Drupal (New),Yes,No,K,['K'],['Knowledge & Skills']
Individual,DSI v1.1 Interpretation Report,Yes,No,P,['P'],['Personality & Behavior']
Individual,Econometrics (New),Yes,No,K,['K'],['Knowledge & Skills']
Individual,Economics (New),Yes,No,K,['K'],['Knowledge & Skills']
Individual,Electrical and Electronics Engineering (New),Yes,No,K,['K'],['Knowledge & Skills']
Individual,Electrical Engineering (New),Yes,No,K,['K'],['Knowledge & Skills']
Individual,Electronics & Telecommunications Engineering (New),Yes,No,K,['K'],['Knowledge & Skills']
Individual,Electronics and Embedded Systems Engineering (New),Yes,No,K,['K'],['Knowledge & Skills']
Individual,Electronics and Semiconductor Engineering (New),Yes,No,K,['K'],['Knowledge & Skills']
Individual,English Comprehension (New),Yes,No,K,['K'],['Knowledge & Skills']
Individual,Enterprise Java Beans (New),Yes,No,K,['K'],['Knowledge & Skills']
Individual,Enterprise Leadership Report 1.0,Yes,No,P,['P'],['Personality & Behavior']
Individual,Enterprise Leadership Report 2.0,Yes,No,P,['P'],['Personality & Behavior']
Individual,Entry Level Cashier Solution,Yes,No,"C, P","['C', 'P']","['Competencies', ',', ' ', 'Personality & Behavior']"
Individual,Entry Level Customer Serv-Retail & Contact Center,Yes,No,"P, C","['P', 'C']","['Personality & Behavior', ',', ' ', 'Competencies']"
Individual,Entry Level Customer Service (General) Solution,Yes,No,"C, P","['C', 'P']","['Competencies', ',', ' ', 'Personality & Behavior']"
Individual,Entry Level Hotel Front Desk Solution,Yes,No,"C, P","['C', 'P']","['Competencies', ',', ' ', 'Personality & Behavior']"
Individual,Entry Level Sales Solution,Yes,No,"C, P","['C', 'P']","['Competencies', ',', ' ', 'Personality & Behavior']"
Individual,Entry Level Technical Support Solution,Yes,No,"P, C","['P', 'C']","['Personality & Behavior', ',', ' ', 'Competencies']"
Individual,ETL Testing (New),Yes,No,K,['K'],['Knowledge & Skills']
Individual,Executive Scenarios,Yes,No,B,['B'],['Biodata & SJT']
Individual,Executive Scenarios Narrative Report,Yes,No,B,['B'],['Biodata & SJT']
Individual,Executive Scenarios Profile Report,Yes,No,B,['B'],['Biodata & SJT']
Individual,ExpressJS (New),Yes,No,K,['K'],['Knowledge & Skills']
Individual,Filing - Names (R1),Yes,No,K,['K'],['Knowledge & Skills']
Individual,Filing - Numbers,Yes,No,K,['K'],['Knowledge & Skills']
Individual,Financial Accounting (New),Yes,No,K,['K'],['Knowledge & Skills']
Individual,Financial and Banking Services (New),Yes,No,K,['K'],['Knowledge & Skills']
Individual,Fire Engineering (New),Yes,No,K,['K'],['Knowledge & Skills']
Individual,Following Instructions v1 - UK (R1),Yes,No,K,['K'],['Knowledge & Skills']
Individual,Following Instructions v1 - US (R2),Yes,No,K,['K'],['Knowledge & Skills']
Individual,Food and Beverage Services (New),Yes,No,K,['K'],['Knowledge & Skills']
Individual,Food Science (New),Yes,No,K,['K'],['Knowledge & Skills']
Individual,Front Office Management (New),Yes,No,K,['K'],['Knowledge & Skills']
Individual,Fundamentals of Chemistry (New),Yes,No,K,['K'],['Knowledge & Skills']
Individual,Fundamentals of Physics (New),Yes,No,K,['K'],['Knowledge & Skills']
Individual,General Diseases (New),Yes,No,K,['K'],['Knowledge & Skills']
Individual,Geoinformatics Engineering (New),Yes,No,K,['K'],['Knowledge & Skills']
Individual,Geoscience Engineering (New),Yes,No,K,['K'],['Knowledge & Skills']
Individual,GIT (New),Yes,No,K,['K'],['Knowledge & Skills']
Individual,Global Skills Assessment,Yes,No,"C, K","['C', 'K']","['Competencies', ',', ' ', 'Knowledge & Skills']"
Individual,Graduate Scenarios,Yes,No,B,['B'],['Biodata & SJT']
Individual,Graduate Scenarios Narrative Report,Yes,No,B,['B'],['Biodata & SJT']
Individual,Graduate Scenarios Profile Report,Yes,No,B,['B'],['Biodata & SJT']
Individual,Hibernate (New),Yes,No,K,['K'],['Knowledge & Skills']
Individual,HIPAA (Security),Yes,Yes,K,['K'],['Knowledge & Skills']
Individual,HiPo Assessment Report 1.0,Yes,No,"C, P","['C', 'P']","['Competencies', ',', ' ', 'Personality & Behavior']"
Individual,HiPo Assessment Report 2.0,Yes,No,"C, P","['C', 'P']","['Competencies', ',', ' ', 'Personality & Behavior']"
Individual,HiPo Unlocking Potential Report 2.0,Yes,No,C,['C'],['Competencies']
Individual,Housekeeping (New),Yes,No,K,['K'],['Knowledge & Skills']
Individual,HTML/CSS (New),Yes,No,K,['K'],['Knowledge & Skills']
Individual,HTML5 (New),Yes,No,K,['K'],['Knowledge & Skills']
Individual,Human Resources (New),Yes,No,K,['K'],['Knowledge & Skills']
Individual,IBM DataStage (New),Yes,No,K,['K'],['Knowledge & Skills']
Individual,IBM Sterling Order Management System (New),Yes,No,K,['K'],['Knowledge & Skills']
Individual,Industrial Engineering (New),Yes,No,K,['K'],['Knowledge & Skills']
Individual,Informatica (Architecture) (New),Yes,No,K,['K'],['Knowledge & Skills']
Individual,Informatica (Developer) (New),Yes,No,K,['K'],['Knowledge & Skills']
Individual,Instrumentation Engineering (New),Yes,No,K,['K'],['Knowledge & Skills']
Individual,Interpersonal Communications,Yes,Yes,K,['K'],['Knowledge & Skills']
Individual,Interviewing and Hiring Concepts (U.S.),Yes,Yes,K,['K'],['Knowledge & Skills']
Individual,iOS Development (New),Yes,No,K,['K'],['Knowledge & Skills']
Individual,ITIL (IT Infrastructure Library) (New),Yes,No,K,['K'],['Knowledge & Skills']
Individual,Java 2 Platform Enterprise Edition 1.4 Fundamental,Yes,Yes,K,['K'],['Knowledge & Skills']
Individual,Java 8 (New),Yes,No,K,['K'],['Knowledge & Skills']
Individual,Java Design Patterns (New),Yes,No,K,['K'],['Knowledge & Skills']
Individual,Java Frameworks (New),Yes,No,K,['K'],['Knowledge & Skills']
Individual,Java Platform Enterprise Edition 7 (Java EE 7),Yes,Yes,K,['K'],['Knowledge & Skills']
Individual,Java Web Services (New),Yes,No,K,['K'],['Knowledge & Skills']
Individual,JavaScript (New),Yes,No,K,['K'],['Knowledge & Skills']
Individual,Jenkins (New),Yes,No,K,['K'],['Knowledge & Skills']
Individual,Job Control Language (New),Yes,No,K,['K'],['Knowledge & Skills']
Individual,jQuery (New),Yes,No,K,['K'],['Knowledge & Skills']
Individual,Kubernetes (New),Yes,No,K,['K'],['Knowledge & Skills']
Individual,Linux Administration (New),Yes,No,K,['K'],['Knowledge & Skills']
Individual,Linux Operating System,Yes,No,K,['K'],['Knowledge & Skills']
Individual,Linux Programming (General),Yes,Yes,K,['K'],['Knowledge & Skills']
Individual,Load Runner (New),Yes,No,K,['K'],['Knowledge & Skills']
Individual,Management Scenarios,Yes,No,B,['B'],['Biodata & SJT']
Individual,Managerial Scenarios Candidate Report,Yes,No,B,['B'],['Biodata & SJT']
Individual,Managerial Scenarios Narrative Report,Yes,No,B,['B'],['Biodata & SJT']
Individual,Managerial Scenarios Profile Report,Yes,No,B,['B'],['Biodata & SJT']
Individual,Manual Testing (New),Yes,No,K,['K'],['Knowledge & Skills']
Individual,Manufac. & Indust. - Mechanical & Vigilance 8.0,Yes,No,"A, P","['A', 'P']","['Ability & Aptitude', ',', ' ', 'Personality & Behavior']"
Individual,Manufac. & Indust. - Safety & Dependability 8.0,Yes,No,P,['P'],['Personality & Behavior']
Individual,Manufacturing & Industrial - Essential Focus 8.0,Yes,No,"A, P","['A', 'P']","['Ability & Aptitude', ',', ' ', 'Personality & Behavior']"
Individual,Manufacturing & Industrial - Mechanical Focus 8.0,Yes,No,"A, P","['A', 'P']","['Ability & Aptitude', ',', ' ', 'Personality & Behavior']"
Individual,Manufacturing & Industrial - Vigilance Focus 8.0,Yes,No,K,['K'],['Knowledge & Skills']
Individual,Marketing (New),Yes,No,K,['K'],['Knowledge & Skills']
Individual,Maven (New),Yes,No,K,['K'],['Knowledge & Skills']
Individual,Mechanical Engineering (New),Yes,No,K,['K'],['Knowledge & Skills']
Individual,Mechatronics Engineering (New),Yes,No,K,['K'],['Knowledge & Skills']
Individual,Medical Terminology (New),Yes,No,K,['K'],['Knowledge & Skills']
Individual,Metallurgical Engineering (New),Yes,No,K,['K'],['Knowledge & Skills']
Individual,MFS 360 Enterprise Leadership Report,Yes,No,D,['D'],['Development & 360']
Individual,MFS 360 UCF Group Report,Yes,No,D,['D'],['Development & 360']
Individual,MFS 360 UCF Performance Potential Dev Tips Report,Yes,No,D,['D'],['Development & 360']
Individual,MFS 360 UCF Standard Report,Yes,No,D,['D'],['Development & 360']
Individual,Micro Focus Unified Functional Testing (New),Yes,No,K,['K'],['Knowledge & Skills']
Individual,Microservices (New),Yes,No,K,['K'],['Knowledge & Skills']
Individual,Microsoft Dynamics Development (New),Yes,No,K,['K'],['Knowledge & Skills']
Individual,Microsoft Excel 365 - Essentials (New),Yes,No,"K, S","['K', 'S']","['Knowledge & Skills', ',', ' ', 'Simulation']"
Individual,Microsoft Excel 365 (New),Yes,No,"K, S","['K', 'S']","['Knowledge & Skills', ',', ' ', 'Simulation']"
Individual,Microsoft Outlook 2013 (adaptive),Yes,Yes,K,['K'],['Knowledge & Skills']
Individual,Microsoft PowerPoint 365 - Essentials (New),Yes,No,"K, S","['K', 'S']","['Knowledge & Skills', ',', ' ', 'Simulation']"
Individual,Microsoft SQL Server 2014 Programming,Yes,Yes,K,['K'],['Knowledge & Skills']
Individual,Microsoft Windows Server 2012 Administration,Yes,Yes,K,['K'],['Knowledge & Skills']
Individual,Microsoft Word 365 - Essentials (New),Yes,No,"K, S","['K', 'S']","['Knowledge & Skills', ',', ' ', 'Simulation']"
Individual,Microsoft Word 365 (New),Yes,No,"S, K","['S', 'K']","['Simulation', ',', ' ', 'Knowledge & Skills']"
Individual,Mineral Engineering (New),Yes,No,K,['K'],['Knowledge & Skills']
Individual,Mining Engineering (New),Yes,No,K,['K'],['Knowledge & Skills']
Individual,Mobility (New),Yes,No,K,['K'],['Knowledge & Skills']
Individual,Molecular Biology (New),Yes,No,K,['K'],['Knowledge & Skills']
Individual,MongoDB (New),Yes,No,K,['K'],['Knowledge & Skills']
Individual,Motivation Questionnaire MQM5,Yes,No,P,['P'],['Personality & Behavior']
Individual,MQ Candidate Motivation Report,Yes,No,P,['P'],['Personality & Behavior']
Individual,MQ Employee Motivation Report,Yes,No,P,['P'],['Personality & Behavior']
Individual,MQ Motivation Report Pack,Yes,No,P,['P'],['Personality & Behavior']
Individual,MQ Profile,Yes,No,P,['P'],['Personality & Behavior']
Individual,MS Access (New),Yes,No,K,['K'],['Knowledge & Skills']
Individual,MS Excel (New),Yes,No,K,['K'],['Knowledge & Skills']
Individual,MS Office Basic Computer Literacy (New),Yes,No,K,['K'],['Knowledge & Skills']
Individual,MS Office Basic Computer Literacy (Sim) (New),Yes,No,S,['S'],['Simulation']
Individual,MS PowerPoint (New),Yes,No,K,['K'],['Knowledge & Skills']
Individual,MS Word (New),Yes,No,K,['K'],['Knowledge & Skills']
Individual,MuleSoft Development (New),Yes,No,K,['K'],['Knowledge & Skills']
Individual,Multitasking Ability,Yes,No,"A, K, S","['A', 'K', 'S']","['Ability & Aptitude', ',', ' ', 'Knowledge & Skills', ',', ' ', 'Simulation']"
Individual,Networking and Implementation (New),Yes,No,K,['K'],['Knowledge & Skills']
Individual,Node.js (New),Yes,No,K,['K'],['Knowledge & Skills']
Individual,Nursing (New),Yes,No,K,['K'],['Knowledge & Skills']
Individual,Occupational Personality Questionnaire OPQ32r,Yes,No,P,['P'],['Personality & Behavior']
Individual,Operations Management (New),Yes,No,K,['K'],['Knowledge & Skills']
Individual,OPQ Candidate Plus Report,Yes,No,P,['P'],['Personality & Behavior']
Individual,OPQ Candidate Report 2.0,Yes,No,P,['P'],['Personality & Behavior']
Individual,OPQ Emotional Intelligence Report,Yes,No,P,['P'],['Personality & Behavior']
Individual,OPQ Leadership Report,Yes,No,P,['P'],['Personality & Behavior']
Individual,OPQ Manager Plus Report,Yes,No,P,['P'],['Personality & Behavior']
Individual,OPQ Manager Plus Report 2.0,Yes,No,P,['P'],['Personality & Behavior']
Individual,OPQ Maximising your Learning Report,Yes,No,P,['P'],['Personality & Behavior']
Individual,OPQ MQ Sales Report,Yes,No,P,['P'],['Personality & Behavior']
Individual,OPQ Premium Plus Report,Yes,No,P,['P'],['Personality & Behavior']
Individual,OPQ Premium Plus Report 2.0,Yes,No,P,['P'],['Personality & Behavior']
Individual,OPQ Profile Report,Yes,No,P,['P'],['Personality & Behavior']
Individual,OPQ Team Impact Group Development Report,Yes,No,P,['P'],['Personality & Behavior']
Individual,OPQ Team Impact Individual Development Report,Yes,No,P,['P'],['Personality & Behavior']
Individual,OPQ Team Impact Selection Report,Yes,No,P,['P'],['Personality & Behavior']
Individual,OPQ Team Types & Leadership Styles Profile,Yes,No,P,['P'],['Personality & Behavior']
Individual,OPQ Team Types and Leadership Styles Report,Yes,No,P,['P'],['Personality & Behavior']
Individual,OPQ UCF Development Action Planner Report 1.0,Yes,No,P,['P'],['Personality & Behavior']
Individual,OPQ UCF Development Action Planner Report 2.0,Yes,No,P,['P'],['Personality & Behavior']
Individual,OPQ Universal Competency Report 1.0,Yes,No,P,['P'],['Personality & Behavior']
Individual,OPQ Universal Competency Report 2.0,Yes,No,P,['P'],['Personality & Behavior']
Individual,OPQ User and Managers Report,Yes,No,P,['P'],['Personality & Behavior']
Individual,OPQ User Report,Yes,No,"P, S","['P', 'S']","['Personality & Behavior', ',', ' ', 'Simulation']"
Individual,Oracle DBA (Advanced Level) (New),Yes,No,K,['K'],['Knowledge & Skills']
Individual,Oracle DBA (Entry Level) (New),Yes,No,K,['K'],['Knowledge & Skills']
Individual,Oracle PL/SQL (New),Yes,No,K,['K'],['Knowledge & Skills']
Individual,Oracle WebLogic Server (New),Yes,No,K,['K'],['Knowledge & Skills']
Individual,Organic Chemistry (New),Yes,No,K,['K'],['Knowledge & Skills']
Individual,Paint Technology (New),Yes,No,K,['K'],['Knowledge & Skills']
Individual,Pediatrics (New),Yes,No,K,['K'],['Knowledge & Skills']
Individual,Pega Development (New),Yes,No,K,['K'],['Knowledge & Skills']
Individual,Perl (New),Yes,No,K,['K'],['Knowledge & Skills']
Individual,Petrochemical Engineering (New),Yes,No,K,['K'],['Knowledge & Skills']
Individual,Petroleum Engineering (New),Yes,No,K,['K'],['Knowledge & Skills']
Individual,Pharmaceutical Analysis (New),Yes,No,K,['K'],['Knowledge & Skills']
Individual,Pharmaceutical Chemistry (New),Yes,No,K,['K'],['Knowledge & Skills']
Individual,Pharmaceutical Science (New),Yes,No,K,['K'],['Knowledge & Skills']
Individual,Pharmaceutics (New),Yes,No,K,['K'],['Knowledge & Skills']
Individual,Pharmacology (New),Yes,No,K,['K'],['Knowledge & Skills']
Individual,PHP (New),Yes,No,K,['K'],['Knowledge & Skills']
Individual,PJM Development Report,Yes,No,"C, A, P","['C', 'A', 'P']","['Competencies', ',', ' ', 'Ability & Aptitude', ',', ' ', 'Personality & Behavior']"
Individual,PJM Selection Report,Yes,No,"A, C, P","['A', 'C', 'P']","['Ability & Aptitude', ',', ' ', 'Competencies', ',', ' ', 'Personality & Behavior']"
Individual,Polymer Engineering (New),Yes,No,K,['K'],['Knowledge & Skills']
Individual,Power Electronics and Drives (New),Yes,No,K,['K'],['Knowledge & Skills']
Individual,Power System Engineering (New),Yes,No,K,['K'],['Knowledge & Skills']
Individual,Prism (New),Yes,No,K,['K'],['Knowledge & Skills']
Individual,Production and Industrial Engineering (New),Yes,No,K,['K'],['Knowledge & Skills']
Individual,Production Engineering (New),Yes,No,K,['K'],['Knowledge & Skills']
Individual,Programming Concepts,Yes,Yes,K,['K'],['Knowledge & Skills']
Individual,Project Management (2013),Yes,Yes,K,['K'],['Knowledge & Skills']
Individual,Proofreading v1,Yes,No,K,['K'],['Knowledge & Skills']
Individual,Python (New),Yes,No,K,['K'],['Knowledge & Skills']
Individual,R Programming (New),Yes,No,K,['K'],['Knowledge & Skills']
Individual,ReactJS (New),Yes,No,K,['K'],['Knowledge & Skills']
Individual,Reading Comprehension - English v1,Yes,Yes,A,['A'],['Ability & Aptitude']
Individual,Reading Comprehension - Spanish v1,Yes,Yes,A,['A'],['Ability & Aptitude']
Individual,Reading Comprehension v2,Yes,Yes,A,['A'],['Ability & Aptitude']
Individual,RemoteWorkQ,Yes,No,C,['C'],['Competencies']
Individual,RemoteWorkQ Manager Report,Yes,No,C,['C'],['Competencies']
Individual,RemoteWorkQ Participant Report,Yes,No,C,['C'],['Competencies']
Individual,RESTful Web Services (New),Yes,No,K,['K'],['Knowledge & Skills']
Individual,Retail Sales and Service Simulation,Yes,No,"B, K, S, A","['B', 'K', 'S', 'A']","['Biodata & SJT', ',', ' ', 'Knowledge & Skills', ',', ' ', 'Simulation', ',', ' ', 'Ability & Aptitude']"
Individual,Reviewing Forms - US (R1),Yes,No,K,['K'],['Knowledge & Skills']
Individual,Ruby (New),Yes,No,K,['K'],['Knowledge & Skills']
Individual,Ruby on Rails (New),Yes,No,K,['K'],['Knowledge & Skills']
Individual,Sales & Service Phone Simulation,Yes,No,"S, B","['S', 'B']","['Simulation', ',', ' ', 'Biodata & SJT']"
Individual,Sales & Service Phone Solution,Yes,No,"B, P, S","['B', 'P', 'S']","['Biodata & SJT', ',', ' ', 'Personality & Behavior', ',', ' ', 'Simulation']"
Individual,Sales Interview Guide,Yes,No,"P, P","['P', 'P']","['Personality & Behavior', ',', ' ', 'Personality & Behavior']"
Individual,Sales Profiler Cards,Yes,No,P,['P'],['Personality & Behavior']
Individual,Sales Transformation 1.0 - Individual Contributor,Yes,No,P,['P'],['Personality & Behavior']
Individual,Sales Transformation 2.0 - Individual Contributor,Yes,No,P,['P'],['Personality & Behavior']
Individual,Sales Transformation Report 1.0 - Sales Manager,Yes,No,P,['P'],['Personality & Behavior']
Individual,Sales Transformation Report 2.0 - Sales Manager,Yes,No,P,['P'],['Personality & Behavior']
Individual,Salesforce Development (New),Yes,No,K,['K'],['Knowledge & Skills']
Individual,SAP ABAP (Advanced Level) (New),Yes,No,K,['K'],['Knowledge & Skills']
Individual,SAP ABAP (Intermediate Level) (New),Yes,No,K,['K'],['Knowledge & Skills']
Individual,SAP Basis (New),Yes,No,K,['K'],['Knowledge & Skills']
Individual,SAP Business Objects WebI (New),Yes,No,K,['K'],['Knowledge & Skills']
Individual,SAP BW (Business Warehouse) (New),Yes,No,K,['K'],['Knowledge & Skills']
Individual,SAP HCM (Human Capital Management) (New),Yes,No,K,['K'],['Knowledge & Skills']
Individual,SAP Hybris (New),Yes,No,K,['K'],['Knowledge & Skills']
Individual,SAP Materials Management (New),Yes,No,K,['K'],['Knowledge & Skills']
Individual,SAP SD (Sales and Distribution) (New),Yes,No,K,['K'],['Knowledge & Skills']
Individual,Search Engine Optimization (New),Yes,No,K,['K'],['Knowledge & Skills']
Individual,Selenium (New),Yes,No,K,['K'],['Knowledge & Skills']
Individual,Shell Scripting (New),Yes,No,K,['K'],['Knowledge & Skills']
Individual,SHL Verify Interactive - Inductive Reasoning,Yes,Yes,"A, S","['A', 'S']","['Ability & Aptitude', ',', ' ', 'Simulation']"
Individual,SHL Verify Interactive – Deductive Reasoning,Yes,Yes,"A, S","['A', 'S']","['Ability & Aptitude', ',', ' ', 'Simulation']"
Individual,SHL Verify Interactive – Numerical Reasoning,Yes,Yes,"A, S","['A', 'S']","['Ability & Aptitude', ',', ' ', 'Simulation']"
Individual,SHL Verify Interactive G+,Yes,Yes,A,['A'],['Ability & Aptitude']
Individual,SHL Verify Interactive Numerical Calculation,Yes,Yes,A,['A'],['Ability & Aptitude']
Individual,Siebel Development (New),Yes,No,K,['K'],['Knowledge & Skills']
Individual,Smart Interview Live,Yes,No,P,['P'],['Personality & Behavior']
Individual,Smart Interview Live Coding,Yes,No,K,['K'],['Knowledge & Skills']
Individual,Smart Interview On Demand,Yes,No,P,['P'],['Personality & Behavior']
Individual,Social Media (New),Yes,No,K,['K'],['Knowledge & Skills']
Individual,Software Business Analysis,Yes,Yes,K,['K'],['Knowledge & Skills']
Individual,SonarQube (New),Yes,No,K,['K'],['Knowledge & Skills']
Individual,Spelling (U.S.) (New),Yes,No,K,['K'],['Knowledge & Skills']
Individual,Split Screen Typing Test - Form 1,Yes,No,"A, K","['A', 'K']","['Ability & Aptitude', ',', ' ', 'Knowledge & Skills']"
Individual,Spring (New),Yes,No,K,['K'],['Knowledge & Skills']
Individual,SQL (New),Yes,No,K,['K'],['Knowledge & Skills']
Individual,SQL Server (New),Yes,No,K,['K'],['Knowledge & Skills']
Individual,SQL Server Analysis Services (SSAS) (New),Yes,No,K,['K'],['Knowledge & Skills']
Individual,SQL Server Integration Services (SSIS) (New),Yes,No,K,['K'],['Knowledge & Skills']
Individual,SQL Server Reporting Services (SSRS) (New),Yes,No,K,['K'],['Knowledge & Skills']
Individual,Statistical Analysis System (New),Yes,No,K,['K'],['Knowledge & Skills']
Individual,Struts (New),Yes,No,K,['K'],['Knowledge & Skills']
Individual,SVAR - Spoken English (AUS),Yes,No,S,['S'],['Simulation']
Individual,SVAR - Spoken English (Indian Accent) (New),Yes,No,S,['S'],['Simulation']
Individual,SVAR - Spoken English (U.K.),Yes,No,S,['S'],['Simulation']
Individual,SVAR - Spoken English (US) (New),Yes,No,S,['S'],['Simulation']
Individual,SVAR - Spoken French (Canadian) (New),Yes,No,S,['S'],['Simulation']
Individual,SVAR - Spoken French (European) (New),Yes,No,S,['S'],['Simulation']
Individual,SVAR - Spoken Spanish (Castilian) (New),Yes,No,S,['S'],['Simulation']
Individual,SVAR - Spoken Spanish (North American) (New),Yes,No,S,['S'],['Simulation']
Individual,Swing (New),Yes,No,K,['K'],['Knowledge & Skills']
Individual,Tableau (New),Yes,No,K,['K'],['Knowledge & Skills']
Individual,Telecommunications Engineering (New),Yes,No,K,['K'],['Knowledge & Skills']
Individual,Teradata Development (New),Yes,No,K,['K'],['Knowledge & Skills']
Individual,Time Management (U.S.),Yes,Yes,K,['K'],['Knowledge & Skills']
Individual,Training Development,Yes,Yes,K,['K'],['Knowledge & Skills']
Individual,Typing (New),Yes,No,S,['S'],['Simulation']
Individual,UiPath RPA Development (New),Yes,No,K,['K'],['Knowledge & Skills']
Individual,Universal Competency Framework Interview Guide,Yes,No,"C, P","['C', 'P']","['Competencies', ',', ' ', 'Personality & Behavior']"
Individual,Universal Competency Framework Job profiling guide,Yes,No,"C, P","['C', 'P']","['Competencies', ',', ' ', 'Personality & Behavior']"
Individual,Universal Competency Framework Profiler Cards (44),Yes,No,"C, P","['C', 'P']","['Competencies', ',', ' ', 'Personality & Behavior']"
Individual,UNIX (New),Yes,No,K,['K'],['Knowledge & Skills']
Individual,VB.NET (New),Yes,No,K,['K'],['Knowledge & Skills']
Individual,Verify - Deductive Reasoning,Yes,Yes,A,['A'],['Ability & Aptitude']
Individual,Verify - Following Instructions,Yes,No,A,['A'],['Ability & Aptitude']
Individual,Verify - G+,Yes,Yes,A,['A'],['Ability & Aptitude']
Individual,Verify - General Ability Screen,Yes,Yes,A,['A'],['Ability & Aptitude']
Individual,Verify - Inductive Reasoning (2014),Yes,Yes,A,['A'],['Ability & Aptitude']
Individual,Verify - Numerical Ability,Yes,Yes,A,['A'],['Ability & Aptitude']
Individual,Verify - Technical Checking - Next Generation,Yes,No,A,['A'],['Ability & Aptitude']
Individual,Verify - Verbal Ability - Next Generation,Yes,Yes,A,['A'],['Ability & Aptitude']
Individual,Verify - Working with Information,Yes,No,A,['A'],['Ability & Aptitude']
Individual,Verify G+ - Ability Test Report,Yes,No,A,['A'],['Ability & Aptitude']
Individual,Verify G+ - Candidate Report,Yes,No,A,['A'],['Ability & Aptitude']
Individual,Verify Interactive Ability Report,Yes,No,A,['A'],['Ability & Aptitude']
Individual,Verify Interactive G+ Candidate Report,Yes,No,A,['A'],['Ability & Aptitude']
Individual,Verify Interactive G+ Report,Yes,No,A,['A'],['Ability & Aptitude']
Individual,Verify Interactive Process Monitoring,Yes,No,A,['A'],['Ability & Aptitude']
Individual,Virtual Assessment and Development Centers,Yes,No,P,['P'],['Personality & Behavior']
Individual,Visual Basic for Applications (New),Yes,No,K,['K'],['Knowledge & Skills']
Individual,Visual Comparison - UK,Yes,No,K,['K'],['Knowledge & Skills']
Individual,Visual Comparison - US,Yes,No,K,['K'],['Knowledge & Skills']
Individual,VLSI and Embedded Systems (New),Yes,No,K,['K'],['Knowledge & Skills']
Individual,What Is The Value - US,Yes,Yes,K,['K'],['Knowledge & Skills']
Individual,Workplace Administration Skills (New),Yes,No,K,['K'],['Knowledge & Skills']
Individual,Workplace Health and Safety (New),Yes,No,K,['K'],['Knowledge & Skills']
Individual,WriteX - Email Writing (Customer Service) (New),Yes,No,S,['S'],['Simulation']
Individual,WriteX - Email Writing (Managerial) (New),Yes,No,S,['S'],['Simulation']
Individual,WriteX - Email Writing (Sales) (New),Yes,No,"B, S","['B', 'S']","['Biodata & SJT', ',', ' ', 'Simulation']"
Individual,Written English v1,Yes,Yes,K,['K'],['Knowledge & Skills']
Individual,Written Spanish,Yes,Yes,K,['K'],['Knowledge & Skills']
Individual,Zabbix (New),Yes,No,K,['K'],['Knowledge & Skills']
Individual,360 Digital Report,Yes,No,D,['D'],['Development & 360']
Individual,360° Multi-Rater Feedback System (MFS),Yes,No,"D, P","['D', 'P']","['Development & 360', ',', ' ', 'Personality & Behavior']"
